chr	pos	ref	alt	RO_origin	RO_B1TP	RO_B2TP	RO_tumor1	RO_tumor2	RO_tumor3	
chr5	150448625	GTTTTTTTTTTTTTT	GTTTTTTTTTTTTTTT	0/0:9,0	0/1:10,2	0/1:8,3	0/0:13,0	0/1:9,2	0/0:15,0
chr5	150457519	TGGGGGGGGGGGG	TGGGGGGGGGGG,TGGGGGGGGGG	0/0:4,0,0	0/2:2,1,3	0/1:3,3,0	0/1:6,3,0	0/0:3,0,0	0/2:8,1,1
chr5	150457942	ATGTGTGTGTGTGTGTGTGTGTGTGTGT	ATGTGTGTGTGTGTGTGTGTGTGTGT	0/1:8,2	0/1:10,2	0/1:9,3	0/1:9,3	0/1:6,2	0/1:11,1
chr5	150468914	GTTTTTTTTTTTTTTTTTTTTTTTTT	GTTTTTTTTTTTTTTTTTTTTTTTTTTT	0/1:5,1	0/0:8,0	0/1:4,1	0/0:4,0	0/0:4,0	0/0:5,1
chr5	150468950	GTTTTTTTTTTTTTTT	GTTTTTTTTTTTTTTTT	0/0:5,0	0/1:6,2	0/1:4,1	0/1:4,1	0/0:6,0	0/1:3,1
chr5	150470590	CAAAAAAAAAAAAAAAAAAA	CAAAAAAAAAAAAAAAAA	0/0:4,0	0/1:4,1	0/0:2,0	0/1:3,1	0/1:3,2	0/1:6,1
chr5	150470753	GTTTTTTTTTTTTTTTTTTT	GTTTTTTTTTTTTTTTTTT,GTTTTTTTTTTTTTTTTTTTTT	0/0:8,1,0	0/0:9,1,0	0/2:4,1,4	0/2:6,0,1	0/1:7,5,1	0/1:7,3,0
chr5	150471484	TAAAAAAAAAAA	TAAAAAAAAAAAA	0/1:5,1	0/1:4,2	0/1:6,1	0/0:14,0	0/0:7,0	0/0:18,2
chr5	150471843	GCACACACACACACACACACACACACACACACACACACACA	GCACACACACACACACACACACACACACACACACACACA,GCACACACACACACACACACACACACACACACACACACACACA	0/1:4,2,0	0/1:9,3,0	0/1:8,2,0	0/2:8,0,4	0/2:10,0,3	0/0:16,1,0
chr5	150472379	CTTTTTTTTTTTTTTTTTTTTTTTTT	CTTTTTTTTTTTTTTTTTTTTTTTT,CTTTTTTTTTTTTTTTTTTTTTT	0/0:2,0,0	0/1:0,1,0	1/2:1,1,1	0/1:4,2,0	0/0:2,0,0	0/2:10,0,3
chr5	150473196	GTTTTTTTTTTTTT	GTTTTTTTTTTTTTT	0/1:5,5	0/1:7,1	0/0:14,1	0/1:10,4	0/1:5,2	0/1:10,3
chr5	150477311	GTCTCTCTCTCTCTCTCTCT	GTCTCTCTCTCTCTCTCT	0/1:7,2	0/1:8,2	0/1:13,2	0/1:19,3	0/0:18,2	0/1:28,3
chr5	150478856	TACACACACACACACACACACACACACACACACACACACACACACACACAC	TACACACACACACACACACACACACACACACACACACACACACACACAC,TACACACACACACACACACACACACACACACACACACACACACACACACACAC	0/1:9,3,0	0/2:10,0,1	0/2:5,1,2	0/1:11,3,0	0/0:7,1,0	0/1:14,5,0
chr5	150480980	CTTTTTTTTTTTTT	CTTTTTTTTTTTTTTT	0/0:15,0	0/0:7,0	0/1:9,2	0/0:9,0	0/0:8,0	0/0:18,0
chr5	150481163	CAAAAAAAAAAAAAAA	CAAAAAAAAAAAAAAAA,CAAAAAAAAAAAAAA	0/2:8,2,4	0/1:8,1,0	0/2:4,2,3	0/1:9,2,1	0/0:11,0,1	0/1:19,5,4
chr5	150483689	GTTTTTTTTTTTT	GTTTTTTTTTTTTT	0/1:7,3	0/0:7,1	0/1:6,5	0/1:6,1	0/1:4,3	0/1:16,4
chr5	150484380	CTTTTTTTTTTT	CTTTTTTTTTTTT	0/0:10,0	0/0:6,0	0/1:3,1	0/0:10,1	0/1:10,2	0/0:10,1
chr5	150484505	CAAAAAAAAAAAAAAAAAAAAAAAAAA	CAAAAAAAAAAAAAAAAAAAAAAAAAAAA	0/1:5,1	0/1:6,2	0/0:3,0	0/1:4,1	0/0:4,0	0/1:8,1
chr5	150488451	CTGTGTGTGTGTGTGTG	CTGTGTGTGTGTGTGTGTG	0/1:13,2	0/1:8,2	0/0:9,0	0/0:17,0	0/0:12,0	0/0:10,0
chr5	150488748	GCACACACACACACACACACACACACACACACACACAC	GCACACACACACACACACACACACACACACACACACACAC,GCACACACACACACACACACACACACACACACACAC	0/1:8,2,1	0/1:9,2,0	0/1:11,2,0	0/2:7,1,3	0/2:9,0,3	0/1:18,6,0
chr5	150492020	CTTTTTTTTTTTTTTTTTTTTTTTTTTTTTTTT	CTTTTTTTTTTTTTTTTTTTTTTTTTTTTTTTTTTTT,CTTTTTTTTTTTTTTTTTTTTTTTTTTTTT	0/2:2,0,1	0/1:5,1,0	0/0:3,0,0	0/1:9,1,0	0/0:4,0,0	0/0:8,0,0
